firstName|lastName|address|phoneNumber|hireDate|salary
Ruby|Dillon|405-6101 Eu Street|1-175-371-6584|Oct 18, 2016|125000.21
Hanae|Mcclure|P.O. Box 760, 6112 Tristique Road|1-387-595-3879|Feb 21, 2017|41769.24
Nicole|Acevedo|Ap #696-2225 Interdum Road|1-194-537-1004|Jun 16, 2017|32715.48
Lani|Vega|Ap #298-4262 Sed Road|1-388-631-0961|Apr 13, 2018|24152.81
Nolan|Dillon|569 Sem Rd.|1-807-894-1892|May 23, 2018|70288.01
Ezekiel|Butler|3304 Iaculis Av.|1-696-876-8760|Jun 28, 2018|20977.73
Brandon|Tanner|867 Malesuada Road|1-522-441-9180|Mar 10, 2017|7852.47
Randall|Hodge|4017 Tortor. St.|1-144-211-3790|Nov 4, 2016|38025.38
Lara|Conley|8105 Pellentesque, Av.|1-302-527-8533|Feb 11, 2017|79564.45
Scarlett|Bradford|Ap #186-9086 Eu St.|1-302-843-3796|Oct 19, 2017|90123.54
Kamal|Mckenzie|Ap #528-4945 Pharetra Av.|1-615-163-3365|Jul 27, 2017|46151.27
Abraham|Cobb|P.O. Box 438, 5157 Proin Avenue|1-448-781-2256|Aug 19, 2018|43797.16
Cathleen|Beard|Ap #853-3324 Molestie Street|1-430-405-6506|Dec 18, 2016|21926.73
Nash|Santos|P.O. Box 787, 2083 Erat, St.|1-565-584-1487|Apr 29, 2018|46509.77
Madeline|Campbell|Ap #200-5382 Ornare, Ave|1-299-723-4655|Oct 19, 2017|76037.75
Robin|Pratt|P.O. Box 949, 1171 Aliquam Ave|1-149-511-5878|Dec 21, 2017|11376.59
Benjamin|Camacho|P.O. Box 111, 4834 Nam St.|1-289-366-3752|Nov 18, 2016|8347.68
Avye|Haley|741-4838 Proin Av.|1-143-138-8891|Jul 7, 2017|90241.62
Hakeem|Cleveland|632-4497 Dignissim Road|1-289-463-0009|Apr 28, 2018|7822.93
Ezekiel|Riggs|Ap #808-7368 Tempor Street|1-746-779-9839|Jan 20, 2017|17309.20
Nora|Lyons|154-9686 Duis Av.|1-296-635-7696|Sep 20, 2018|54308.60
Bruno|Ford|Ap #520-3452 Suspendisse Road|1-288-702-9028|Apr 24, 2018|98499.17
Olga|Quinn|868-4054 Hendrerit St.|1-734-590-2758|Apr 17, 2017|11569.59
Grant|Hopper|817-1548 Eleifend Road|1-552-436-1120|Feb 13, 2017|63036.38
Phyllis|Leonard|P.O. Box 168, 2651 Eu St.|1-768-928-6707|Dec 27, 2016|80289.73
Illana|Holloway|Ap #474-321 Odio St.|1-433-434-2216|Mar 20, 2017|51631.95
Stacy|Neal|P.O. Box 722, 5518 Aliquet Rd.|1-783-380-0925|Dec 29, 2016|53385.12
Lee|Weaver|3419 Elementum, Ave|1-846-148-6593|Mar 29, 2018|59195.07
Steven|Frye|196-1676 Rutrum. Ave|1-991-930-2051|Nov 3, 2017|59517.22
Florence|Gentry|2753 Volutpat. St.|1-286-997-2677|May 31, 2017|25165.71
Teagan|Patrick|P.O. Box 878, 4772 In Av.|1-537-815-3686|Jul 6, 2018|74498.52
Shelley|Macdonald|P.O. Box 289, 4961 Vulputate Rd.|1-859-907-3248|Jul 14, 2017|76426.93
Upton|Mckenzie|145-752 Eu, Rd.|1-151-598-4699|Mar 7, 2017|55447.18
Ruby|Macdonald|393-7583 Fermentum St.|1-241-919-9505|Apr 27, 2017|89587.96
Clare|Chang|8187 Elit. St.|1-612-432-6191|Mar 2, 2018|39565.97
Amethyst|Coleman|P.O. Box 438, 8344 Ultrices Rd.|1-551-988-3818|Aug 25, 2017|20376.28
Isaiah|Quinn|P.O. Box 248, 1779 Duis St.|1-728-147-4751|Sep 21, 2017|47676.36
Glenna|Conway|P.O. Box 889, 6100 Lorem St.|1-420-674-7082|Oct 11, 2017|6003.81
Keefe|Rosales|710-509 Magna. Ave|1-225-670-4217|Sep 13, 2017|26067.75
Slade|Wolf|P.O. Box 351, 9619 Vulputate Rd.|1-948-385-3176|Jul 26, 2017|81487.78
Kuame|Ferrell|6215 Turpis Av.|1-516-239-7860|Jan 14, 2017|29467.48
Joel|Taylor|P.O. Box 187, 579 Velit. Street|1-259-237-2221|Apr 26, 2018|13520.35
Honorato|Clemons|6858 Eu Avenue|1-477-573-8163|May 15, 2018|97133.96
Cheyenne|Harding|3548 Felis Rd.|1-555-485-7793|Apr 5, 2018|66399.42
Lucas|Mclaughlin|P.O. Box 416, 1225 Sociis Av.|1-157-590-6245|Apr 23, 2017|58016.87
Lee|Trevino|P.O. Box 564, 7000 Quam Ave|1-728-302-5496|May 27, 2017|53790.27
Hollee|Moon|568-3410 Pede. St.|1-788-427-7444|Jul 20, 2018|7456.33
Erin|Spears|P.O. Box 174, 8695 Vitae Road|1-458-469-4585|Jul 26, 2017|49764.86
Driscoll|Sears|Ap #125-421 Nibh. Rd.|1-323-755-0497|Sep 23, 2017|2685.84
Laurel|Scott|174-4160 Diam. Street|1-869-635-0596|Jun 16, 2017|63495.30
Hyatt|Randolph|231-3944 Suspendisse Street|1-444-421-7116|Aug 21, 2018|51907.90
Chaim|Carter|P.O. Box 449, 3694 Donec Avenue|1-109-275-5018|Jan 16, 2018|70997.55
Faith|Weeks|P.O. Box 798, 1183 Nec Ave|1-682-406-7798|Jul 5, 2017|83616.50
Flavia|Carlson|Ap #956-5189 Fusce Road|1-506-772-3987|Mar 23, 2017|38233.07
Emerson|Little|330-5699 Lorem, St.|1-531-717-0688|Feb 23, 2017|15483.96
Cairo|Ashley|P.O. Box 827, 7599 Mollis. Ave|1-736-746-0228|Mar 17, 2017|49376.63
Oleg|Rice|6215 Quam. Av.|1-689-305-0045|Feb 24, 2017|89822.88
Cole|Hayden|Ap #227-645 Sed Avenue|1-906-716-8344|Apr 30, 2017|93994.98
Kaitlin|Reid|Ap #900-1721 Sem Rd.|1-208-867-1449|Apr 13, 2017|23843.55
Justin|Randolph|P.O. Box 684, 4143 Integer Av.|1-223-958-3713|Apr 17, 2017|17532.48
Brody|Blevins|8702 Purus. St.|1-226-337-0789|Nov 6, 2017|4612.02
Mason|Cole|196-7719 Nisi. Rd.|1-843-308-0653|Nov 1, 2017|97436.66
Drew|Bolton|951-6146 Tincidunt Street|1-813-476-2872|Apr 6, 2018|36307.11
Slade|Mcintosh|663-5399 Luctus, St.|1-349-609-7444|Jan 9, 2017|2749.34
Timothy|Mccarthy|P.O. Box 823, 3538 Diam Street|1-123-218-5456|May 2, 2018|17331.85
Diana|Ashley|P.O. Box 601, 9155 Quisque St.|1-971-554-9586|Feb 21, 2018|44097.40
Griffin|Madden|P.O. Box 824, 5091 Morbi Road|1-168-393-6956|Sep 26, 2017|48533.52
Charlotte|Malone|P.O. Box 400, 2462 Lacinia Rd.|1-375-704-9113|Mar 14, 2018|79256.88
Sawyer|Snyder|3991 Lectus. Street|1-207-169-4115|Aug 24, 2017|19058.39
Kelsie|Cortez|904-7457 Enim. Rd.|1-757-578-3625|Nov 24, 2017|79085.92
Judith|Chandler|5645 Aliquet St.|1-220-715-9755|Nov 30, 2016|25770.84
Jarrod|Burch|P.O. Box 615, 5786 Commodo St.|1-118-439-5234|Jul 7, 2017|75973.49
Rylee|Hall|147-5859 Fermentum Rd.|1-506-627-2782|Apr 7, 2018|93334.93
Megan|Navarro|2551 Molestie Av.|1-187-363-1308|Mar 16, 2018|27128.89
Bell|Wilkinson|P.O. Box 798, 3709 Elementum Avenue|1-374-174-8863|May 8, 2018|91945.98
Ira|Jacobs|Ap #454-8415 Fusce Av.|1-241-707-0183|May 21, 2018|88924.53
Stone|Norris|Ap #898-1860 Scelerisque Avenue|1-686-899-1799|Oct 2, 2018|72405.95
Jasmine|Pittman|750-4844 Risus. St.|1-751-788-5395|Jul 7, 2018|56577.26
Michelle|Maddox|6133 Elementum, Avenue|1-646-213-2856|Jan 30, 2017|15994.60
Slade|Franco|783-5072 Odio Road|1-836-603-8980|Nov 14, 2016|28160.94
Olga|Mathews|Ap #546-5006 Feugiat. Rd.|1-691-678-9236|Nov 10, 2016|8220.36
Keaton|Barron|6388 Montes, Rd.|1-326-390-7998|Mar 18, 2017|99690.51
Riley|Farrell|P.O. Box 527, 5183 Scelerisque Avenue|1-212-664-2254|Jun 7, 2018|44637.23
Linus|Talley|P.O. Box 140, 7554 Eget Av.|1-333-118-6861|Nov 24, 2017|97183.28
Karly|Rowland|Ap #394-7304 Eros. Avenue|1-545-476-9316|Aug 2, 2017|20108.31
Oprah|Chapman|924-249 Tellus. St.|1-255-589-3344|Nov 10, 2016|9167.40
Skyler|Griffith|878 Suspendisse St.|1-195-118-4604|Jul 16, 2018|84047.61
Emi|Alvarez|518-3863 Nec St.|1-956-893-8093|Dec 7, 2016|31877.91
Hadley|Ortega|1173 Turpis Street|1-168-253-4069|Aug 17, 2017|9560.44
Matthew|Carroll|Ap #889-5977 Aliquam Rd.|1-341-543-8564|Jul 1, 2018|50004.13
Harrison|Heath|690-9230 Aliquam Rd.|1-497-976-8532|May 14, 2017|9945.49
Elton|Mclaughlin|8168 Turpis St.|1-200-142-1199|Jun 24, 2017|93128.28
Scarlet|Thornton|P.O. Box 364, 4085 Ridiculus Rd.|1-246-981-4332|May 13, 2017|34932.94
Cody|Dodson|P.O. Box 347, 6213 Auctor Rd.|1-232-914-9354|Dec 4, 2016|27680.47
Theodore|Powers|Ap #606-6801 Sit Avenue|1-239-571-4515|Jan 25, 2018|11074.35
Aaron|Franco|1040 Tristique St.|1-701-822-3765|Feb 27, 2017|73094.71
Drew|Osborn|P.O. Box 128, 4071 Vel, Street|1-716-140-7370|Dec 1, 2016|64741.46
Lester|Conley|391-7421 Integer Rd.|1-437-327-4272|Jan 1, 2017|21943.80
Deirdre|Black|7469 Et Ave|1-929-587-6360|Aug 16, 2017|33314.17
Risa|Campbell|720-5861 Phasellus Ave|1-171-954-3683|Aug 16, 2017|14528.61